Nama,Posisi,Umur,Overall_Rating,Potential
C. Kostoulas,ST,18,73,85
M. Yalcouyé,CM,19,70,79
Ricardo Mangas,LM,27,74,74
M. Carnesecchi,GK,25,85,88
A. Stepanov,ST,17,67,83
J. King,CAM,18,74,84
Lamine Yamal,RW,17,89,95
S. El Mala,LM,18,76,87
K. Mbappé,ST,26,91,92
J. Rudoni,CAM,24,75,80
F. Onyeka,CAM,18,67,86
B. Brobbey,ST,23,77,83
T. Gomis,LM,18,70,85
C. Yirenkyi,CM,19,71,83
Wang Gang,RB,36,61,61
B. Barcola,LW,22,84,88
J. Bellingham,CM,19,77,83
Neymar Jr,CAM,33,83,83
Nuno Tavares,LB,25,76,79
L. Vušković,CB,18,78,88
J. Jacquet,CB,19,76,85
J. Mokio,CDM,17,70,88
R. Vaz,ST,18,70,86
A. Romano,CDM,19,65,79
Mateus Mané,CAM,17,71,84
M. Ødegaard,CM,26,86,87
O. Dembélé,ST,28,90,90
M. Godts,LW,20,77,86
M. Baturina,CAM,22,79,84
Balde,LB,21,83,87
A. Güler,RM,20,83,89
A. Ouédraogo,CM,19,74,87
Fermín,CAM,22,83,87
A. Bouaddi,CDM,17,78,86
K. Karetsas,CAM,17,74,86
M. Amondarain,CM,20,72,81
R. Ngumoha,LM,16,72,88
Thiago Pitarch,CM,17,68,85
Jan Virgili,LW,18,75,86
Xavi Espart,RB,18,63,81
V. Pavlidis,ST,26,83,84
T. Alexander-Arnold,RB,26,85,86
J. Quiñones,ST,28,81,81
E. Mason-Clark,LM,25,73,74
J. Alvarez,ST,25,86,89
N. Schlotterbeck,CB,25,86,88
J. Greaves,CB,24,74,79
H. Ekitiké,ST,23,85,88
Luiz Henrique,RM,24,78,81
S. Pafundi,CAM,19,69,84
J. Quansah,CB,22,76,84
João Neves,CM,20,88,93
João Gomes,CDM,24,78,83
L. Miley,CM,19,76,86
C. Uzun,CAM,19,78,85
P. Ratkov,ST,21,68,78
T. Barry,ST,22,76,84
M. Kayode,RB,20,80,85
Rodri Mendoza,CM,20,71,84
F. Jeltsch,CB,18,74,87
Jesús Rodríguez,LM,19,77,85
D. Mukasa,CAM,17,68,85
A. Jagušić,CAM,19,73,85
23 D. Payet,CAM,35,80,80
R. Lewandowski,ST,36,86,86
P. Dybala,CAM,31,85,85
David Raya,GK,29,87,87
Rúben Neves,CDM,28,85,85
C. Nkunku,CAM,27,81,81
F. Tomori,CB,27,81,83
F. Kadıoğlu,LB,25,79,81
M. Kean,ST,25,83,86
Vini Jr.,LW,24,89,92
E. Haaland,ST,24,91,93
Marc Cucurella,LB,26,85,85
Matheus Cunha,CAM,26,83,84
L. Suárez,ST,27,80,80
B. Saka,RW,23,87,89
Bruno Guimarães,CM,27,86,86
M. Wieffer,CDM,25,78,81
João Pedro,ST,23,82,86
K. Tzolakis,GK,22,79,86
N. Madueke,RW,23,80,84
A. Dedić,RB,22,76,82
D. Udogie,LB,22,79,83
M. Kjaergaard,CM,22,73,82
T. Douvikas,ST,25,76,79
V. Barco,CM,20,78,84
Iván Romero,ST,24,75,80
E. Poku,RM,21,76,85
C. Bradley,RB,21,79,84
M. van de Ven,CB,24,82,85
Álvaro Carreras,LB,22,81,87
Diego Moreira,RM,20,78,84
Tiago Santos,RB,22,75,79
Mateus Fernandes,CM,20,79,85
E. Mayenda,ST,20,72,82
C. Baleba,CDM,21,80,86
João Neves,CM,20,88,93
D. Gómez,CDM,22,77,84
W. Odobert,LW,20,77,84
W. Zaïre-Emery,CM,19,83,89
Carlos Romero,LB,23,79,83
N. Triantis,CM,22,70,79
D. Seimen,GK,19,69,84
Y. Minteh,RM,20,80,86
M. Del Blanco,LB,21,73,84
C. Rigg,CAM,18,72,84
S. Tzimas,ST,19,72,81
A. Pavlović,CDM,21,82,87
A. Diao,RM,19,76,87
N. Darvich,CAM,18,63,82
P. Sučić,CM,21,77,83
S. Mouriño,RB,23,78,85
Mella,RM,20,71,82
D. Huijsen,CB,20,81,88
J. Kusi-Asare,ST,17,62,84
Marc Guiu,ST,19,71,84
J. Meghoma,LB,19,68,82
Geovany Quenda,RM,18,76,88
G. Scamacca,ST,26,78,79
E. Konsa,CB,27,84,85
Nuno Santos,LM,30,77,77
M. Thuram,ST,27,85,85
Brahim,RM,25,81,82
Raphinha,LW,28,89,89
Rúben Vinagre,LB,26,70,71
J. Bellegarde,CAM,27,75,76
K. Havertz,ST,26,82,84
M. Gibbs-White,CAM,25,81,83
A. Caci,RB,28,78,78
P. Foden,CAM,25,85,88
R. James,RB,25,84,86
P. Struijk,CB,25,76,78
L. Díaz,LM,28,87,87
A. Tchouaméni,CDM,25,84,87
Aitor Ruibal,RM,29,77,77
L. Ferguson,CDM,25,78,81
J. David,ST,25,81,84
M. Simakan,CB,25,81,86
M. Hjulmand,CDM,26,83,86
M. Greenwood,RM,23,83,86
E. Le Fée,CM,25,78,80
D. Vlahović,ST,25,81,84
F. Nmecha,CM,24,84,86
E. Fernández,CM,24,85,88
26 J. Durán,ST,21,79,85
Ibañez,CB,26,82,84
W. Isidor,ST,24,75,78
M. Olise,RM,23,89,91
S. Boey,RB,24,75,78
K. Koné,CM,24,80,84
R. Zalazar,CAM,25,80,83
M. De Cuyper,LB,24,79,83
K. Adeyemi,RM,23,82,86
Pedri,CM,22,90,93
C. Summerville,LM,23,78,83
Giuliano,RM,22,82,86
P. Hincapié,LB,23,83,87
F. Wirtz,CAM,22,87,91
O. Marmoush,LW,26,83,83
I. Schmidt,LB,25,72,75
J. Musiala,CAM,22,87,91
J. Breum,CAM,21,74,82
C. Tzolis,LM,23,81,87
Fábio Vieira,CM,25,77,81
I. Doukouré,CB,21,77,83
Álex Baena,LM,23,82,87
Y. Ayari,CDM,21,79,85
Gabri Veiga,CAM,23,79,86
C. Chukwuemeka,CAM,21,78,84
G. Konstantelias,CAM,22,79,84
K. Schade,LM,23,79,83
I. Ndiaye,RM,25,82,83
C. Lukeba,CB,22,81,87
R. Onyedika,CDM,24,78,85
G. Scalvini,CB,21,78,86
G. Restes,GK,20,78,85
L. Querfeld,CB,21,77,84
N. Tresoldi,ST,20,74,88
Tiago Gabriel,CB,20,69,77
Gustavo Varela,ST,20,68,79
J. Lerma,CAM,17,64,85
D. Odogu,CB,19,65,83
C. Mouzakitis,CM,18,73,86
Marc Bernal,CDM,18,75,86
H. Ahanor,CB,17,72,81
F. Ivanović,ST,21,74,83
K. Alajbegović,CAM,17,68,83
Víctor Muñoz,LW,21,78,86
M. Kaba,CDM,16,61,85
G. Mora,CAM,16,73,87
M. Ibrahimović,LW,18,63,81
L. Reggiani,CB,17,66,82
L. Messi,CAM,38,86,86
İ. Gündoğan,CM,34,80,80
P. Aubameyang,ST,36,81,81
De Gea,GK,34,84,84
S. de Vrij,CB,33,83,83
L. Insigne,CAM,34,74,74
F. Acerbi,CB,37,83,83
H. Kane,ST,31,90,90
H. Maguire,CB,32,81,81
F. Thauvin,RW,32,81,81
João Cancelo,RB,31,84,84
Rubén Blanco,GK,29,73,74
26 D. Alli,CM,29,71,71
R. De Paul,CM,31,83,83
J. Tah,CB,29,87,87
Adama Traoré,RM,29,75,75
N. Kanté,CDM,34,84,84
G. Scamacca,ST,26,78,79
E. Konsa,CB,27,84,85
Nuno Santos,LM,30,77,77
M. Thuram,ST,27,85,85
Brahim,RM,25,81,82
Raphinha,LW,28,89,89
O. Diakité,ST,21,72,82
Jon Martín,CB,19,77,86
O. Bobb,RM,21,76,84
N. O'Reilly,LB,20,81,86
P. Dorgu,LM,20,77,84
Eguinaldo,LM,20,70,82
G. Zechiël,CM,21,71,83
S. Chérif,ST,18,72,83
M. Belloumi,RM,23,72,78
Wang Yudong,LW,18,64,79
D. Tıknaz,CDM,20,72,82
Dani Barcia,CB,22,69,75
Murillo,CB,22,82,86
B. Meupiyou,CB,19,64,74
E. Mbappé,RM,18,72,82
Y. Titi,RB,19,65,78
M. Palestra,RB,20,75,84
A. Anselmino,CB,20,73,81
Yarek,CB,20,76,85
Y. Akçiçek,CB,19,66,82
F. Mastantuono,RM,17,77,87
L. Castledine,CAM,19,68,78
A. Bajrami,CB,23,67,75
Moleiro,LM,21,82,87
T. Small,LB,20,70,80
Yeremay,LM,22,76,84
Cristhian Mosquera,CB,21,77,85
J. Bakayoko,RW,22,77,84
T. Morton,CDM,22,79,84
R. Bardghji,RW,19,74,85
César Tárrega,CB,23,75,82
J. Gittens,LM,20,78,84
Geny Catamo,RM,24,78,81
T. Hume,RB,23,78,81
J. Fazzini,CAM,22,72,81
Éderson,CM,25,82,85
N. Deossa,CDM,25,75,80
A. Fatawu,RM,21,76,83
S. Castro,ST,20,77,84
E. Bardeli,CM,24,73,78
M. Perrone,CDM,22,76,84
N. Weiper,ST,20,70,83
W. Kambwala,CB,20,72,81
O. Forson,RM,20,65,77
A. Garnacho,LM,21,78,84
I. Price,CAM,21,71,80
F. Miretti,CM,21,75,80
N. Sadiki,CM,20,78,85
M. Oyedele,CM,20,70,78
N. Brown,LB,22,80,86
J. Bahoya,LM,20,75,85
M. Delavallée,GK,21,70,81
S. Núñez,CB,25,74,76
K. Koulierakis,CB,21,76,85
A. Gray,CDM,19,77,86
M. Penders,GK,19,77,86
K. Dong,LM,20,64,76
Gustavo Sá,CAM,20,75,86
O. Arblaster,CM,21,70,79
K. Etta Eyong,ST,21,75,84
P. Mercado,CM,21,74,85
Diego Sánchez,LB,21,70,78
E. Nwaneri,RW,18,76,87
R. Risser,GK,20,78,85
Pablo Marín,CM,21,73,82
Endrick,ST,18,78,89
L. Jovanović,ST,20,64,76
A. Ahmed,LM,24,72,75
Andrey Santos,CM,21,80,87
N. Zézé,CB,20,73,81
Renato Veiga,CB,21,78,83
A. Matturro,CB,20,70,80
O. Scarles,LB,19,72,80
A. Abdullahi,ST,21,58,72
M. Bombito,CB,25,75,80
O. Højlund,CM,20,74,84
V. Atangana,CDM,19,74,84
G. Doué,RB,22,77,82
Igor Thiago,ST,24,81,85
M. Fernandez-Pardo,LM,20,76,84
Altimira,CDM,23,77,83
L. Burcu,LM,20,70,78
T. Begić,CAM,22,69,78
M. Diomande,CDM,23,74,81
B. Garrity,CM,28,64,64
S. Hezze,CDM,23,79,83
T. Tessmann,CDM,23,76,82
A. Johnston,RB,26,78,79
M. Thiaw,CB,23,81,85
M. Fofana,LM,20,78,86
25 P. Solari,ST,23,74,80
Nico Williams,LW,22,85,88
S. Nanasi,CAM,23,75,82
L. Colombo,ST,23,72,79
Fábio Vieira,CM,25,77,81
A. Onana,CDM,23,81,84
Gonçalo Inácio,CB,23,81,86
R. Calafiori,LB,23,82,86
Raúl Moro,LW,22,75,82
Pep Chavarría,LB,27,78,78
D. Neil,CDM,23,73,81
B. Hollerbach,ST,24,75,79
D. Rensch,RB,22,74,79
Arnau Tenas,GK,24,75,81
Yan Couto,RB,23,77,81
N. Jackson,ST,24,79,82
I. Moriba,CM,22,78,83
F. Rieder,CAM,23,74,81
Yeremy Pino,LW,22,79,86
Aitor Paredes,CB,25,78,81
E. Ferguson,ST,20,74,82
G. Sudakov,CAM,22,79,86
A. Varela,CDM,23,80,85
Arnau Martínez,RB,22,78,83
A. Zaroury,LM,24,74,77
M. Kerkez,LB,21,81,85
J. Casimir,RM,23,71,76
A. Schjelderup,LW,21,77,86
D. Affengruber,CB,24,75,82
M. Keita,CDM,23,73,79
Q. Merlin,LB,23,76,82
T. Muharemović,CB,22,74,80
N. Ngoy,CB,22,75,83
T. Livramento,RB,22,80,86
E. Fernández,CDM,22,76,84
N. Atubolu,GK,23,78,83
L. Colwill,CB,22,80,84
A. Nusa,LW,20,78,88
E. Bitshiabu,CB,20,75,85
B. Yılmaz,LM,25,80,81
Beñat Prados,CDM,24,77,82
O. Vargas,CDM,19,72,83
J. Urbig,GK,21,77,85
B. Locko,LB,23,75,80
S. Edozie,LM,22,72,81
J. Castrop,CAM,21,74,81
I. Koné,CM,23,75,79
L. Bogarde,CDM,21,74,81
H. Diarra,CM,21,77,83
Moleiro,LM,21,82,87
T. Small,LB,20,70,80
Yeremay,LM,22,76,84
Cristhian Mosquera,CB,21,77,85
M. Retegui,ST,26,82,83
M. Diaby,RM,25,83,84
Manu Morlanes,CDM,26,76,78
D. Rossi,CAM,27,75,75
A. Sambi Lokonga,CM,25,76,78
J. Sargent,ST,25,73,74
C. Baumgartner,CAM,25,81,83
Luis Milla,CM,30,81,81
M. Barrow,LW,26,79,79
S. van den Berg,CB,23,77,83
B. Badiashile,CB,24,76,80
B. Mbeumo,RW,25,85,86
Hugo Duro,ST,25,77,79
L. Ramazani,LW,24,76,79
O. Kökçü,CM,24,82,86
F. Winther,CB,24,67,74
Pedro Porro,RB,25,82,85
R. Giles,LB,25,72,75
W. Saliba,CB,24,88,90
J. Bijol,CB,26,77,79
Dani Olmo,CAM,27,84,84
V. Buialskii,CAM,32,76,76
M. Shaparenko,CM,26,78,79
Trincão,CAM,25,83,85
Eric García,CB,24,83,86
S. Giménez,ST,24,79,84
X. Simons,CAM,22,82,85
C. Okoroji,LB,28,68,68
Víctor Gómez,RB,25,77,80
R. Gravenberch,CDM,23,86,89
K. Dembélé,RM,22,69,77
Í. Jóhannesson,CM,22,74,81
O. Kossounou,CB,24,80,85
T. Čvančara,ST,24,72,76
D. Kulusevski,CM,25,83,86
K. Kvaratskhelia,LW,24,88,91
V. Boniface,ST,24,79,83
S. Esposito,ST,22,75,82
A. Rațiu,RB,27,80,81
Vivian,CB,25,82,85
K. Koné,CM,24,80,84
R. Pepi,ST,22,76,84
C. De Ketelaere,CAM,24,82,86
A. Sayyadmanesh,LM,24,73,78
J. Timber,RB,24,84,87
Fábio Silva,ST,22,79,85
Daniel Bragança,CM,26,77,80
A. Ueda,ST,26,78,79
E. Millot,CAM,22,78,84
J. Bellingham,CAM,22,89,93
Carreira,RB,24,75,78
Y. Gboho,LW,24,76,79
J. Frimpong,RB,24,82,84
Giuliano,RM,22,82,86
N. Woltemade,ST,23,80,85
E. Anderson,CDM,22,82,86
L. Da Cunha,CDM,24,76,80
N. Rovella,CDM,23,79,84
A. Ounahi,CM,25,79,82
J. Stansfield,ST,22,70,79
W. Anton,CB,28,83,83
D. Upamecano,CB,26,86,88
B. Chilwell,LB,28,77,77
Gabriel Jesus,ST,28,80,80
F. Kessié,CDM,28,79,79
L. Martínez,ST,27,88,88
L. Kelly,CB,26,78,80
S. Banza,ST,28,80,80
R. Malinovskyi,CM,32,75,75
C. Romero,CB,27,82,84
Gabriel,CB,27,89,90
T. Hernández,LB,27,84,84
C. Awaziem,CB,28,72,73
T. Adams,CDM,26,79,81
J. Sancho,LM,25,79,80
D. Dumfries,RB,29,84,84
K. Itakura,CB,28,76,77
A. Vega,LW,27,78,78
R. Kristensen,RB,27,79,79
A. Isak,ST,25,87,88
P. Schick,ST,29,85,85
É. Mendy,GK,33,81,81
V. Rosier,RB,28,78,78
S. Özcan,CDM,27,74,75
M. Edwards,RM,26,75,75
E. Ampadu,CDM,24,78,81
E. Eze,CAM,27,84,85
A. Pinamonti,ST,26,75,76
Dani Cárdenas,GK,28,73,75
M. Guendouzi,CM,26,82,83
A. Nordin,RM,27,73,73
S. Lukić,CDM,28,78,78
S. McTominay,CM,28,86,86
N. Tella,RM,25,78,79
T. Malacia,LB,25,75,76
M. Demiral,CB,27,79,81
C. Gallagher,CM,25,79,81
A. Haidara,CM,27,75,75
J. Strand Larsen,ST,25,77,80
Galeno,LM,27,80,80
M. Pessina,CM,28,76,76
N. Raskin,CDM,24,78,83
D. Man,RW,26,77,77
Éder Militão,CB,27,84,86
S. Niakaté,CB,25,74,77
Pedro Gonçalves,LM,27,82,82
L. Díaz,LM,28,87,87
M. Bird,CM,24,72,76
Ferran Torres,ST,25,84,86
J. Koundé,RB,26,86,87
M. Jenz,CB,26,75,78
T. Weah,RM,25,77,78
M. Damsgaard,CAM,24,80,83
Mauro Júnior,LB,26,80,81
J. Arias,RM,27,77,77
V. Torp,CM,25,73,76
V. Gyökeres,ST,27,86,86
P. Gueye,CM,26,80,81
26 E. Francis,CM,25,64,66
Rafael Leão,LW,26,84,85
22 J. Wilshere,CM,29,73,73
25 Muniain,CAM,31,79,79
T. Müller,CAM,35,80,80
P. Groß,CDM,34,78,78
K. De Bruyne,CM,34,87,87
A. Griezmann,ST,34,84,84
Isco,CAM,33,84,84
T. Eaves,ST,33,62,62
A. Oxlade-Chamberlain,CM,31,75,75
24 N. Isimat-Mirin,CB,31,67,67
B. Gibson,CB,32,67,67
25 R. Varane,CB,31,82,82
T. Meunier,RB,33,77,77
J. Stones,CB,31,82,82
B. Mendy,LB,30,65,65
A. Rüdiger,CB,32,84,84
J. Grealish,LM,29,82,82
26 J. Lingard,CAM,32,74,74
Gerard Moreno,ST,33,81,81
J. Vardy,ST,38,75,75
M. Salah,RM,33,89,89
A. Rabiot,CM,30,85,85
Grimaldo,LM,29,85,85
J. Hofmann,CAM,32,77,77
M. Kempf,CB,30,75,75
M. Sanson,CM,30,76,76
P. Gollini,GK,30,74,74
26 N. Süle,CB,29,78,78
I. Toney,ST,29,82,82
L. Dendoncker,CM,30,72,72
L. Vigouroux,GK,31,73,73
26 Á. Correa,ST,30,79,79
A. Saint-Maximin,LW,28,77,77
W. Hoedt,CB,31,72,72
S. Adamyan,ST,32,66,66
A. Sanabria,ST,29,75,75
Angeliño,LB,28,79,79
H. Wilson,RM,28,80,80
D. Calvert-Lewin,ST,28,77,77
P. Roberts,RM,28,72,72
T. Adarabioyo,CB,27,78,79
L. Klostermann,CB,29,76,77
L. Chávez,CM,29,76,76
L. Sané,RM,29,81,81
Dani Ceballos,CM,28,80,80
Zizo,RW,29,74,74
M. Rodák,GK,28,73,74
L. Coyle,RB,29,69,69
S. Amrabat,CDM,28,79,79
K. Ajer,CB,27,76,77
Guedes,LW,28,78,78
26 R. Kent,LW,28,73,73
K. Laimer,RB,28,84,84
Marcos Llorente,RB,30,85,85
Hwang Hee Chan,ST,29,74,74
I. Hagi,CAM,26,72,73
M. Zetterer,GK,29,75,75
O. Zinchenko,LB,28,77,77
C. Carter-Vickers,CB,27,79,81
Kevin,LM,22,76,81
S. Ouaissa,RM,20,72,82
G. Leoni,CB,18,69,82
A. Khalaili,RM,20,77,86
Jacobo Ramón,CB,20,74,84
Carlos Espí,ST,19,75,84
J. Gadou,CB,18,67,85
B. Touré,LM,19,77,86
A. Kouassi,LB,20,74,82
A. Koné,CB,20,67,79
M. Palma,CB,17,65,82
Luis Guilherme,RM,19,71,84
K. Sano,CDM,24,80,83
N. De Cat,CDM,16,68,87
Pau Cabanes,ST,20,65,78
25 A. Ličina,RM,17,59,79
J. Janssen,CM,18,65,79
H. Armstrong,CM,18,73,85
O. Naasei,RB,20,69,82
Jorge Salinas,LB,18,67,85
C. Inao Oulaï,CM,19,70,84
A. Heaven,CB,18,74,85
B. Mamuzah Lum,CDM,17,62,82
Asencio,CB,22,78,83
Fer López,RW,21,73,82
A. Tape,CB,17,67,84
Víctor Muñoz,LW,21,78,86
Estêvão,RM,18,79,89
M. Hansen,ST,16,60,81
I. Smolčić,RB,24,75,78
C. Obi,ST,17,65,84
K. Coulibaly,CB,18,71,85
T. Fruk,ST,24,77,82
Afonso Patrão,ST,18,66,80
L. Karl,CAM,17,75,88
Felipe Andrade,LB,23,68,75
C. Kiala,CB,16,58,82
L. Page,CAM,16,64,84
W. Mohya,CAM,16,70,85
Dro Fernández,CM,17,70,85
A. Dos Santos,CM,17,63,85
M. Šín,CAM,21,74,82
J. Byfield,CB,16,62,80
A. Cardinali,LM,19,61,76
Ricardo Mathias,ST,18,68,82
R. Himbert,ST,17,68,82
J. Ta Bi,RM,20,68,80
B. Asare,GK,32,75,75
A. González,ST,22,74,83
J. Zinhagel,LW,16,59,85
B. Sapoko Ndiaye,CM,17,61,81
16 Diego,CAM,30,79,79
22 A. Akinfenwa,ST,39,64,64
19 J. Morrison,CAM,32,71,71
K. Benzema,ST,37,85,85
23 David Silva,CAM,36,83,83
22 Lucas Leiva,CDM,34,79,79
L. Suárez,ST,38,78,78
24 M. Albrighton,RM,33,69,69
Cristiano Ronaldo,ST,40,85,85
19 Fernando Torres,ST,34,77,77
E. Akinsanmiro,CM,20,67,80
Tiago Gabriel,CB,20,69,77
Kevin,LM,22,76,81
S. Ouaissa,RM,20,72,82
G. Leoni,CB,18,69,82
Pau Cubarsí,CB,18,83,89
A. Crnac,ST,21,68,75
24 M. Musiałowski,LW,19,60,75
L. Amatucci,CM,21,72,82
C. Marshall,ST,20,66,75
G. Kodua,RM,20,62,76
M. Mothersille,LM,21,65,74
I. Sané,ST,20,65,78
S. Lacey,RM,18,65,84
Q. MacNicol,CAM,17,55,77
J. Johnson,LB,19,63,78
N. Edjouma,RM,19,68,80
M. Lambourde,RM,19,64,80
D. Bartesaghi,LB,19,71,81
M. Schmitt,GK,19,60,76
A. Matos,CM,20,67,77
J. McConnell,CDM,20,68,79
A. Stanković,CDM,19,72,85
L. Marianucci,CB,20,68,79
A. Cissè,CAM,18,65,78
S. Fini,RM,19,65,82
L. Flø,RB,19,64,78
Gonzalo,ST,21,74,84
T. Medina,CM,21,64,75
Alejandro Granados,CM,19,65,85
J. Donley,CAM,20,67,80
L. Graham,CB,21,64,74
Yarek,CB,20,76,85
T. Sellars-Fleming,ST,20,57,72
J. Reitan-Sunde,LW,19,63,79
Z. Gozo,RM,18,63,83
A. Koné,CDM,20,70,81
Héctor Fort,RB,18,71,83
Álex Jiménez,RB,20,77,84
A. Doicaru,RW,18,60,73
H. Whitwell,CM,19,57,74
L. De Fougerolles,CB,19,66,81
Javi Rodríguez,CB,22,76,82
B. Ogbus,CB,19,69,78
K. Jennings,CM,19,56,73
B. Owusu,CB,21,65,74
M. Mbick,ST,18,63,76
M. Gogorza,LW,18,69,83
24 S. van der Sloot,RB,20,61,71
M. Moerstedt,ST,19,69,81
S. Peck,CDM,20,71,82
Jauregizar,CM,21,80,86
N. Aséko,CM,19,70,84
M. Coulibaly,CM,21,71,82
S. El Mourabet,CM,19,73,82
Gabriel Moscardo,CDM,19,72,82
Z. Athekame,RB,20,65,78
R. Kone,ST,21,70,80
E. Al Muwallad,CDM,23,60,69
Alberto Reina,CM,27,74,74
L. Wechsel,GK,20,60,74
C. Kleine-Bekel,CB,22,67,74
M. Seybold,GK,23,57,62
Á. Yaakobishvili,GK,19,70,82
E. Banzuzi,CM,20,73,85
M. Diakhon,RM,19,70,82
D. Richter,GK,26,64,67
I. Ansah,ST,20,73,83
L. Høgsberg,CB,19,73,82
L. Kelly-Heald,CB,20,58,70
C. Echeverri,CAM,19,73,85
N. Cadiou,CDM,26,71,74
N. Mendy,CB,20,75,85
C. Ndour,CM,20,72,83
J. Manzambi,CM,19,77,86
S. Charles,CM,21,72,82
Ž. Vipotnik,ST,23,74,79
A. Kanté,CDM,19,68,78
Alemão,ST,27,74,74
Afonso Moreira,LM,20,75,84
A. Bellaarouch,GK,23,68,76
N. Brdar,GK,19,60,73
A. Khusanov,CB,21,80,86
B. Bafdili,CAM,20,69,79
Ü. Akdağ,CB,21,69,81
Newerton,LW,20,70,82
Franculino,ST,21,74,82
Rafa Marín,CB,23,76,83
S. Dahl,LB,22,75,82
J. Hinshelwood,CDM,20,76,84
J. Busse,GK,19,58,70
A. Mebude,RM,21,64,78
F. Esposito,ST,20,76,84
C. Cassano,CAM,21,68,79
V. Brazhko,CDM,23,75,83
I. Babadi,CAM,20,68,82
Y. Al Zubaidi,RM,22,56,65
R. Vinge,RW,24,61,63
J. Paluska,CB,20,67,74
Óscar Aranda,LM,23,74,80
R. Kolli,ST,20,65,77
C. Harder,ST,20,75,85
T. Corazza,LB,21,67,77
Y. Konak,CDM,19,65,80
Unai Gómez,CAM,22,72,78
T. Aydın,CB,19,57,68
M. de Amorim,CM,20,71,81
C. Favasuli,RM,21,67,76
R. Kofler,CB,20,69,76
L. Wurm,CB,19,66,75
M. Finkgräfe,LB,21,70,81
L. Stojković,CAM,21,70,80
E. Kroupi,ST,19,78,86
24 E. Bitri,CB,26,63,66
Kauã Santos,GK,22,71,81
O. Fayed,CB,21,65,75
K. Yıldız,CAM,20,82,89
André Luiz,RM,23,71,77
L. Di Lollo,CB,21,75,80
M. Prati,CDM,21,72,81
26 J. O'Brien-Whitmarsh,CAM,20,57,74
A. Engels,CM,21,73,82
K. Danois,CM,21,75,83
C. Hughes,CB,21,73,82
L. Bergvall,CM,19,78,87
J. Hato,LB,19,78,87
J. Domina,ST,19,67,76
Danilo Santos,CDM,24,76,80
N. Zézé,CB,20,73,81
G. Ilenikhena,ST,18,73,82
G. Orban,ST,22,74,81
R. Esse,RM,20,70,82
M. Mellon,ST,21,62,71
T. Slotsager,CB,19,69,82
D. Ozoh,CDM,20,68,78
J. Panichelli,ST,22,77,85
Álex Valle,LB,21,74,84
C. Casadei,CM,22,75,83
C. Ordoñez,CDM,20,71,81
Renato Veiga,CB,21,78,83
M. Mónaco,RM,23,63,69
K. Oppong,CB,21,72,79
C. Ligue,LB,20,63,75
26 L. Montenegro,CM,22,63,72
Carlos Álvarez,RM,21,77,83
D. Romero,ST,27,67,67
Robson Matheus,CM,23,70,77
Alarcón,RW,21,67,79
N. Opoku,ST,23,62,63
M. Perković,LB,22,70,78
E. González,LW,20,63,75
K. Konaté,ST,21,71,82
F. Pekruhl,GK,26,58,62
I. Osman,LM,20,72,84
K. Páez,CAM,18,73,84
T. Avilés,CB,21,66,73
S. Kılıçsoy,ST,19,74,81
A. Bannon,CB,21,56,66
F. Barone,ST,19,64,79
G. Gocholeishvili,RB,24,70,74
P. Klemens,CDM,20,68,79
Álex Calvo,RW,21,66,72
M. Gurgul,LB,19,68,81
D. Watson,CM,20,67,81
J. Hjertø-Dahl,CM,19,68,81
M. Faal,ST,22,62,69
Arthur,RM,22,73,78
I. Maza,CAM,19,79,87
26 B. Tamayo,CB,20,66,74
C. Talbi,RW,20,76,86
K. Sabbe,RB,20,72,85
R. Vermant,ST,21,72,83
26 A. Ødegård,CM,21,59,73
S. Magassa,CDM,21,73,80
L. Camara,CM,21,79,85
S. Barbosa,LB,21,64,75
G. Doué,RB,22,77,82
Z. El Ouahdi,RB,23,78,85
V. Bak,LB,21,71,78
Gabriel Sara,CM,26,80,83
Y. Yarmoliuk,CDM,21,77,83
Duk,LW,25,70,71
R. Flamingo,CB,22,76,82
25 K. Muneer,LM,26,64,65
S. Angori,LM,21,71,78
25 K. de Wit,CAM,20,59,68
F. Chaïbi,CAM,22,76,81
Alberto Costa,RB,21,77,86
M. Didden,CB,23,69,78
24 T. Geralnik,LM,20,62,74
26 Hugo Pérez,CB,22,62,71
David Torres,CB,22,69,78
G. Jean,CB,25,69,74
N. Pierozzi,RB,23,73,76
S. Soumah,RW,21,64,74
S. Baidoo,CB,21,76,83
J. Omoregie,CDM,21,65,72
G. Fabbian,CM,22,73,82
Álex Padilla,GK,21,69,79
Adu Ares,LM,23,66,72
M. Leaburn,ST,21,66,77
25 K. Barlow,CAM,21,58,65
Gabriel Silva,LW,23,73,79
W. Alves,LM,20,63,78
S. Ngoura,ST,20,67,75
G. Read,RB,19,76,89
Chuki,CAM,21,71,82
D. Prpić,CB,21,73,84
R. Odada,CDM,24,64,69
O. Zych,GK,21,68,78
Y. Medina,LB,20,70,84
M. Dorgeles,CM,20,69,81
D. Sylla,RM,22,66,75
V. Vanat,ST,23,77,82
M. N'Diaye,LB,23,73,81
M. Zanotti,RB,22,73,82
I. Sulemana,CDM,22,73,80
F. Terracciano,CB,22,71,80
24 Jordi Ortega,CM,20,59,73
I. Beka,CB,25,65,70
Y. Lienard,GK,22,65,75
J. Diaz,CB,21,72,80
Kike Salas,CB,23,76,82
Rubén Gómez,GK,23,63,71
A. Brooks,RM,21,70,79
S. Otoa,CB,21,67,74
Bryan Zaragoza,LW,23,77,83
J. Spileers,CB,20,69,82
M. Godo,LM,22,74,82
M. Sonko,LM,20,67,78
Nacho Ferri,ST,20,68,78
S. Armstrong,ST,22,68,78
C. Keita,CB,22,70,78
Alberto Flores,GK,21,65,77
Pablo Marín,CM,21,73,82
T. Ayari,RM,20,63,74
B. Gruda,CAM,21,75,85
T. Momuluh,RM,23,68,74
Gonçalo Borges,RW,24,71,74
T. Iroegbunam,CDM,22,76,80
A. Gómez,RM,22,73,82
M. Delorge,CM,20,73,83
E. Destan,ST,23,68,77
N. Rossen,CM,20,66,76
B. Gannon-Doak,RM,19,71,84
Cho Wi Je,CB,23,69,77
G. Benedetti,LB,24,74,77
M. Galarza,CDM,23,73,81
Luís Esteves,CM,27,74,74
A. Freeman,RB,20,73,81
T. Campbell,LM,21,68,76
Pablo Torre,CAM,22,74,82
S. Abramowicz,GK,21,69,77
L. Noubi,CB,20,69,80
T. Rothe,LB,20,73,81
D. Kyerewaa,LM,24,66,69
K. Kelsy,ST,20,66,75
T. Gillier,GK,21,67,79
Vinícius Tobías,RB,21,71,81
M. Tel,ST,20,77,85
M. Backhaus,GK,21,75,84
A. Barišić,CB,23,72,77
D. Bobadilla,CM,23,73,78
A. Daghim,RM,19,72,80
A. Diouf,CM,22,75,81
J. Feeney,CB,20,64,77
F. Marschall,GK,22,66,74
J. Erabi,ST,22,68,77
J. Ordoñez,CB,21,76,86
J. Belocian,CB,20,70,81
S. Nypan,CM,18,70,86
M. Broholm,RM,20,69,79
Mario Gila,CB,24,81,84
H. Larsson,CM,21,77,85
M. Rakneberg,LB,23,65,72
I. Cissoko,LM,22,68,77
L. Yoro,CB,19,78,86
K. Mainoo,CDM,20,79,85
A. Gaaei,RB,22,71,78
D. Coppola,CB,21,74,80
A. Raimondo,ST,21,69,79
D. Murkin,LB,25,69,72
G. Prestianni,RW,19,73,85
T. Baldanzi,CAM,22,74,80
Leonardo Lelo,LM,25,76,77
B. Domínguez,LM,21,73,83
S. Hidalgo,RW,20,70,81
J. Bahoya,LM,20,75,85
A. Zehnter,LB,20,74,80
A. Segovia,RM,21,62,71
R. Schneider,CM,23,66,71
25 H. Wood,RM,19,59,79
Mateo Joseph,ST,21,72,82
D. Gyabi,CM,21,68,79
Z. Hawsawi,LB,24,66,71
D. Luna,LM,21,72,79
E. Tchato,RB,22,70,78
W. Osula,ST,21,73,81
F. Bayır,CB,25,65,70
O. Aydın,LW,24,74,77
L. Dobbin,LM,22,71,80
M. Viti,CB,23,71,80
Carmona,RB,23,77,83
Juanlu Sánchez,RB,21,75,81
A. Devine,CAM,20,73,84
G. Lagerbielke,CB,25,73,77
Y. Baas,CB,22,77,84
Gavi,CM,20,83,87
25 B. Young,ST,21,62,70
M. Løvik,LB,21,66,76
N. Ødegård,CM,21,64,75
C. Zafeiris,CM,22,76,83
J. McAtee,RM,22,73,81
J. Gorby,CDM,22,72,80
M. Abline,ST,22,76,82
Gabri Martínez,LM,22,74,81
É. Youté Kinkoué,CB,23,71,77
Yeremay,LM,22,76,84
N. Laquintana,RW,26,69,69
M. Amoura,ST,25,80,83
M. Mahmoud,CDM,25,67,72
F. Ferraro,LB,22,68,77
G. Gent,LB,21,64,74
A. Gabriel,RB,24,66,71
M. Akliouche,CAM,23,80,86
E. Jelert,RB,22,72,77
H. Vale,LM,21,68,76
J. Bakayoko,RW,22,77,84
O. Fraulo,CDM,21,69,78
Unai Marrero,GK,23,72,79
T. Le Bris,RM,22,73,80
D. Ouattara,RM,23,78,82
I. Akhomach,RW,21,75,83
25 S. Vignato,ST,20,60,74
R. Bardghji,RW,19,74,85
D. Riznyk,GK,26,74,78
K. Abrefa,RB,21,64,71
Saúl Coco,CB,26,76,79
M. Soulé,CAM,22,79,85
M. Olesen,CM,24,66,70
Ferran Jutglà,ST,26,75,75
T. Gaal,CB,24,67,73
A. Fatah,LM,21,64,76
Gerard Yepes,CM,22,70,79
P. Pagis,CAM,22,73,81
J. Gómez,LB,21,65,75
J. Tomkinson,CB,23,63,69
J. Njinmah,ST,24,72,77
Kim Shin Jin,ST,23,58,63
A. Ibrahimović,LM,19,72,83
P. Wanner,CAM,19,75,86
Fresneda,RB,20,75,83
M. Adeline,CM,21,68,78
F. Magri,ST,25,72,75
A. Abdulai,LM,22,63,68
Gonçalo Borges,RW,24,71,74
T. Iroegbunam,CDM,22,76,80
A. Gómez,RM,22,73,82
K. Tobiasz,GK,22,66,73
M. Epolo,GK,20,75,85
S. Abu Al Shamat,LM,22,64,73
I. Chaira,LW,24,73,76
J. Le Cardinal,CB,27,74,76
P. Rommens,CDM,27,70,71
André Franco,RM,27,72,72
Chiquinho,LM,25,72,73
D. Albu,CDM,24,65,67
S. El Karouani,LB,24,76,80
Turrientes,CM,23,76,82
L. McCowan,CM,27,73,73
M. Ljubičić,ST,23,70,77
K. Corredor,LM,24,73,76
K. Karataş,LB,22,67,72
G. Mamardashvili,GK,24,83,86
L. Stassin,ST,20,75,83
P. Treu,RB,24,74,77
J. Makengo,LB,23,72,76
M. Grzybek,RB,29,64,64
P. Loretz,GK,22,72,82
R. Ríos,CM,25,78,82
A. Zorgane,CDM,25,79,81
Vinicius Souza,CDM,26,75,78
J. Tchatchoua,RB,23,74,79
L. Kehl,CAM,23,68,75
M. de Wit,LB,27,70,70
I. Baldé,ST,22,67,74
M. Senaya,RB,24,70,75
J. Makama,ST,21,69,76
Antoniu Roca,RM,22,73,76
D. Greif,GK,28,80,82
J. Gómez,RM,23,67,73
N. Djiga,CB,22,70,78
Z. Al Johani,CDM,23,67,74
22 P. Tzimas,CAM,20,64,74
W. Swedberg,LW,21,75,82
M. Pellegrino,ST,23,69,75
Y. Cathline,LW,22,74,83
25 S. Lončar,CDM,27,69,69
Paulo Bernardo,CM,23,72,79
B. Leyes,CDM,23,70,77
A. Kamara,CM,20,63,74
A. Sández,LB,24,73,76
J. Sarmiento,LM,23,70,78
Beñat Prados,CDM,24,77,82
R. Lavia,CDM,21,78,85
A. Milambo,CM,20,73,85
Benchimol,ST,23,64,71
26 Andrew,GK,24,76,82
E. Mancuso,RB,26,74,75
22 Thaciano,CM,26,68,69
22 G. Ratcliffe,GK,20,61,73
V. Lind,LM,22,69,76
Roger Fernandes,LM,19,76,85
26 J. Orozco Chiquete,CB,23,72,82
Miguel Puche,LM,24,67,70
Agirrezabala,GK,24,76,81
F. Bayır,CB,25,65,70
Juan Iglesias,RB,26,76,77
N. Dorgeles,RW,22,74,82
D. Guindo,LB,22,70,75
N. Ohio,ST,22,67,76
Alvyn Sanches,CAM,22,73,82
21 L. Rey,CB,17,58,74
Yang Hyun Jun,RW,23,72,78
M. Geschwill,CB,23,67,73
İ. Yüksek,CDM,26,77,79
Eom Ji Sung,LM,23,71,77
J. Bos,LB,22,74,82
R. Khadra,CAM,23,71,77
L. Assignon,RB,25,75,80
25 O. Campos,LB,21,71,78
B. Šeško,ST,22,80,87
E. Zeballos,LW,23,76,81
B. Norton-Cuffy,RB,21,74,80
S. Adingra,LW,23,76,82
G. Kochorashvili,CM,26,74,77
L. Engel,LB,26,70,70
Z. Van Den Bosch,CB,21,75,85
D. Fofana,ST,22,72,80
J. Casimir,RM,23,71,76
B. Gutiérrez,CAM,22,72,82
D. Scarlett,ST,21,65,76
Z. Inoussa,LM,23,70,76
Francisco Conceição,CAM,22,79,86
Lee Tae Seok,LB,22,69,75
A. Costa,CB,25,75,77
A. Kozubal,CM,20,70,82
M. Sellouki,CM,25,67,70
D. Špikić,RW,26,69,69
J. López,ST,24,79,82
J. Malatini,CB,24,69,76
22 Y. Miyamoto,CDM,21,57,66
J. Philogene,LM,23,76,82
C. Webster,CM,21,63,74
25 Kang Seong Jin,RM,21,62,68
Nazinho,LB,21,68,78
A. Omobamidele,CB,23,73,78
S. Lynen,CDM,26,76,79
M. Sahi,ST,23,69,74
Miguel Gutiérrez,LB,23,81,85
Antonio Blanco,CDM,24,76,81
A. Engwanda,CDM,22,70,79
M. Sankoh,ST,21,63,73
M. Estève,CB,23,76,82
W. Mikelbrencis,RB,21,69,80
Metinho,CDM,22,69,80
H. Haraldsson,CAM,22,78,83
S. Pattynama,LB,26,65,66
N. Zalewski,LM,23,77,79
A. Ba,RW,21,65,68
E. Bove,CM,23,74,79
H. Matriciani,RB,25,64,66
M. Winkler,RM,22,69,76
L. Valente,CM,21,77,84
A. Sangante,CB,23,74,80
K. Tobiasz,GK,22,66,73
O. Sørensen,CM,23,72,77
B. Brahimi,RW,25,72,73
F. Ioannidis,ST,25,77,80
E. Meza,RB,26,72,72
J. Aude,LB,22,67,75
J. Hadjam,LB,22,69,77
Ș. Bodișteanu,LM,22,65,74
C. Özkacar,CB,24,71,76
E. Matazo,CDM,23,71,77
Leo Román,GK,24,77,83
F. Jörgensen,GK,23,77,83
C. Riad,CB,22,72,81
Obrador,LB,21,69,77
Diego Conde,GK,26,76,79
N. Banegas,LB,28,69,69
I. Pandur,GK,25,72,77
M. Sangaré,CM,23,80,87
Carlos Augusto,LB,26,81,82
I. Ilić,CDM,24,75,80
L. Sučić,CM,22,76,81
I. Zabarnyi,CB,22,80,85
24 João Victor,CB,24,73,80
S. Drljača,GK,26,66,70
W. Gnonto,LW,21,74,81
T. Arokodare,ST,24,76,79
Arribas,CAM,23,77,83
J. Almada Monteiro,LM,25,72,73
H. Roberts,LB,23,67,74
L. Hornicek,GK,22,75,83
Aimar Oroz,CAM,23,77,82
Jofre,RW,24,73,75
C. Jones,CM,24,61,66
M. Fofana,CM,24,66,71
F. Parisi,LB,24,75,80
25 K. Çalhanoğlu,LB,21,66,73
F. Boyomo,CB,23,79,85
Rodrigo Gomes,LW,21,73,82
I. Moriba,CM,22,78,83
S. Mele,GK,27,74,77
M. Gusto,RB,22,79,84
T. Leoni,CDM,25,72,76
26 Patrick de Paula,CDM,25,71,76
R. Apter,RM,22,68,77
Aitor Paredes,CB,25,78,81
K. Cabrera,CAM,22,71,78
Y. Bonny,ST,21,78,86
H. Siquet,RM,22,70,78
J. Hettwer,LW,22,68,75
M. Stamenić,CDM,23,71,76
Mingueza,RB,26,80,81
D. Svensson,LB,23,79,83
J. Aramburu,RB,22,77,83
N. Eile,CB,22,68,77
Y. Vertessen,ST,24,72,76
26 K. Smith,CB,20,58,66
O. Hutchinson,RM,21,76,84
Juan Iglesias,RB,26,76,77
N. Dorgeles,RW,22,74,82
D. Guindo,LB,22,70,75
26 L. Justiniano,CB,23,61,70
Z. Suzuki,GK,22,74,80
26 J. Pérez,RM,22,59,66
M. Núñez,CAM,25,73,76
M. Caicedo,CDM,23,88,90
L. Samardžić,CAM,23,77,82
W. Bøving,ST,22,71,78
26 R. Rivas,LB,22,68,78
W. Pacho,CB,23,88,90
Francho Serrano,CM,23,70,77
Z. Gilsenan,LM,22,59,66
M. Fofana,LM,20,78,86
H. Falchener,CB,22,69,80
J. Daland,CB,25,71,74
M. Cho,RW,21,75,82
N. Collins,CB,21,74,83
22 T. D'Almeida,CDM,20,56,67
J. Ngankam,ST,24,69,74
Y. Mosquera,CB,24,72,78
J. Justvan,CAM,27,73,73
M. Keller,GK,22,72,81
T. Bech,RW,23,71,74
J. Kjær,RW,21,67,79
A. Truffert,LB,23,79,83
S. Nanasi,CAM,23,75,82
I. Boura,LB,24,69,74
T. Booth,RW,24,68,73
C. Widell,CB,22,69,77
Gonçalo Ramos,ST,24,80,84
A. Şimşir,LW,23,76,82
E. Martel,CDM,23,76,81
Tiago Tomás,LM,23,76,82
J. Kadile,LM,22,70,79
C. Gilligan,CM,23,60,67
M. Kvistgaarden,ST,23,72,77
Gonçalo Inácio,CB,23,81,86
A. Jashari,CDM,22,77,86
A. Stach,CM,26,79,80
M. Balikwisha,LW,24,74,77
B. Thomas,CB,24,73,79
L. Gourna-Douath,CDM,21,69,79
A. Theate,CB,25,78,83
M. Rittmüller,RB,26,66,67
W. Bondo,CM,21,71,78
M. Robin,CM,25,66,67
25 K. Evans,CAM,22,58,67
B. El Khannouss,CAM,21,78,84
S. Roughan,CB,22,65,72
C. Palmer,CAM,23,86,89
S. Mara,ST,22,70,77
R. Strączek,GK,26,66,69
G. Frabotta,LB,26,68,70
J. Juranović,RB,29,73,73
E. Lira,CDM,25,75,80
M. Brescianini,CM,25,72,75
N. Patterson,RB,23,71,76
M. Schroers,LM,23,67,73
R. Reitz,CM,23,77,83
O. Sørensen,CM,23,72,77
B. Brahimi,RW,25,72,73
J. Kamiński,LM,23,77,82
A. Terzić,LB,25,70,73
W. Singo,CB,24,78,84
C. Ramsay,RB,21,65,73
Antonio Sánchez,RM,28,73,73
Borja Sainz,LW,24,77,80
G. Raspadori,ST,25,78,81
Ansu Fati,LM,22,75,81
22 E. Al Muwallad,CDM,22,55,65
F. Tsadjout,ST,25,68,70
J. Veerman,CM,26,81,82
Matheus Nunes,RB,26,82,83
M. Trésor,LM,26,73,73
R. Araujo,CB,26,81,84
M. Ugarte,CDM,24,78,82
Giuliano,RM,22,82,86
L. Cundle,CAM,23,69,74
T. Mengi,CB,23,69,77
S. Ricci,CDM,23,79,85
J. O'Brien,RB,24,76,81
C. Makridis,LM,28,66,66
L. Provod,CAM,28,79,79
L. Hjelde,LB,21,66,74
C. Campbell,LM,22,63,67
E. Just,CAM,25,69,72
Anderson Oliveira,LM,26,75,75
M. Mohamed,ST,27,71,71
L. Thomas,LB,24,68,71
R. Jones,ST,22,68,72
26 Reinier,CAM,23,70,77
S. Sebulonsen,RB,25,73,76
Atienza,CDM,26,71,74
S. Mijnans,CAM,25,76,79
S. Lammens,GK,22,81,87
K. Baah,RM,22,68,77
M. Araújo,LM,25,78,79
N. Rovella,CDM,23,79,84
T. Nozawa,GK,22,62,72
D. Dike,ST,25,69,72
Nico González,CDM,23,81,85
L. Badé,CB,25,78,83
A. Morris,CDM,23,74,78
26 E. Noriega,CB,23,67,75
A. Slimane,CAM,24,69,73
A. Adli,ST,25,77,80
J. Nelson,LW,22,68,75
E. Martínez,CDM,25,74,79
25 R. Villagra,CDM,23,74,80
Javi Castro,CB,24,71,78
J. Enciso,CAM,21,75,84
J. Ondrejka,LW,22,73,79
Vitor Carvalho,CDM,28,75,76
Pedrinho,RM,27,74,74
Antony,RW,25,81,82
E. Bayram,CB,22,73,84
J. Doig,LB,23,73,78
S. Welsh,CB,25,68,73
G. Vagiannidis,RB,23,75,81
M. Touré,ST,21,69,76
T. Ducrocq,CDM,25,69,73
R. Williams,CB,24,61,66
O. Deman,LB,25,71,74
S. Esposito,ST,22,75,82
Y. Dukuly,LM,22,62,71
Ș. Târnovanu,GK,25,69,73
F. Tomi,RM,24,65,68
22 A. Gómez,LB,19,63,73
E. Camavinga,CM,22,81,85
J. de Haas,CB,25,75,80
T. Ballo,LM,23,71,77
P. Ekwah,CDM,23,71,78
D. Ramaj,GK,23,75,81
P. Makuch,ST,26,65,66
J. Dina Ebimbe,RM,24,72,75
L. Mbe Soh,CB,24,66,73
B. Cabango,CB,25,72,77
Sergio Camello,ST,24,73,78
A. Hickey,RB,23,75,79
L. Kilian,CB,25,68,69
M. Svoboda,CB,26,72,72
F. Alves,CB,25,69,73
B. De Keersmaecker,CDM,25,71,76
C. Richards,CB,25,79,81
A. Stiller,CDM,24,83,87
Larrazabal,RM,27,71,71
A. Bertaccini,ST,24,76,80
F. Nürnberger,LB,25,71,72
T. Krauß,CDM,24,74,77
B. Johnson,RW,24,79,82
26 Nuno Santos,LM,26,72,73
25 Samuel Lino,LM,24,79,82
I. Van der Brempt,RB,23,72,78
J. Gvardiol,CB,23,85,88
Z. Sanusi,LB,28,70,70
D. Churlinov,LM,24,66,69
D. Schnegg,LB,26,71,71
J. Eccles,CM,25,70,73
Gabriel Martinelli,LW,24,81,84
23 Jeremy,LB,22,62,73
M. Skóraś,LM,25,71,72
L. Chevalier,GK,23,82,86
S. Dest,RB,24,79,83
Q. Timber,CM,24,80,85
S. Botman,CB,25,81,83
Beto,ST,27,76,76
25 Z. Ould Khaled,CDM,24,68,75
Soberón,ST,28,64,64
R. Philippe,ST,24,72,77
A. Colpani,CAM,26,76,76
I. Reyes,RB,25,75,78
L. Krejčí,CB,26,78,81
25 S. Ramos Mingo,CB,22,67,77
Nuno Mendes,LB,23,88,91
T. Chukwuani,CM,22,68,77
M. Brizuela,CB,28,70,70
A. Velasco,LM,22,72,79
E. Millot,CAM,22,78,84
S. Esposito,CDM,24,74,78
Riquelme,LM,25,76,77
M. Kudus,RW,24,81,83
M. Sadílek,CDM,26,77,79
23 Gonçalo Cardoso,CB,21,64,72
L. Barreiro,CM,25,76,79
M. Bauer,CB,25,69,73
U. Yazğılı,CB,26,66,69
M. Talbi,CB,27,75,77
F. Colidio,ST,25,74,75
G. Reyna,CAM,22,73,78
Y. Fofana,CDM,26,81,84
G. Rutter,CAM,23,77,83
W. Ditta,CB,28,77,78
S. Bajic,GK,23,65,70
H. Hassan,RW,23,73,79
P. De la Vega,RM,24,73,76
J. Gelhardt,CAM,23,73,79
G. Bajrami,CB,25,60,62
H. Elliott,CAM,22,78,83
C. Huerta,LW,24,73,75
D. Maeda,LW,27,78,78
25 M. Mudryk,LM,23,77,83
Hugo Guillamón,CM,25,70,73
M. Bidstrup,CDM,24,73,79
Y. Verschaeren,CM,23,72,78
J. Doku,LW,23,83,86
C. Ngonge,RW,25,72,73
Fidalgo,CM,28,77,77
M. Caqueret,CM,25,78,80
A. Okonkwo,GK,23,70,76
Barrenetxea,LW,23,78,83
G. Biancone,CB,25,73,76
S. Abdulhamid,RB,25,76,78
M. Pollock,CB,23,71,77
25 A. Gutiérrez,CM,24,73,78
S. Koita,ST,25,71,74
24 M. Camara,CDM,23,77,82
M. Solomon,LM,25,77,77
T. Buchanan,RM,26,76,76
G. Gaetano,CAM,25,73,76
J. Ramsey,CM,24,77,81
Um Won Sang,RM,26,69,69
A. van der Heide,LM,23,64,70
M. Ihattaren,CAM,23,73,79
L. Scales,CB,26,75,77
J. Widell Zetterström,GK,26,73,76
P. Ševčík,CM,31,67,67
D. Hancko,LB,27,83,83
Fran Navarro,ST,27,74,74
G. Plata,RM,24,78,81
24 L. Hroššo,GK,36,63,63
R. Bellanova,RM,25,77,78
K. Thuram,CM,24,81,85
E. Tapsoba,CB,26,82,83
N. Vesterlund,RB,26,67,70
M. Bogusz,LW,23,73,78
T. Ducrocq,CDM,25,69,73
R. Williams,CB,24,61,66
O. Deman,LB,25,71,74
S. Esposito,ST,22,75,82
Y. Dukuly,LM,22,62,71
T. Blackmon,CB,28,70,71
M. Frendrup,CDM,24,76,80
T. Christensen,CM,25,70,73
I. Meslier,GK,25,71,74
A. Saelemaekers,RM,26,80,80
L. Balerdi,CB,26,80,83
B. Reynolds,RB,24,74,81
T. Mokoena,CDM,28,72,72
24 M. Shabani,CAM,24,62,67
L. Maina,LM,26,73,74
L. Romo,CDM,30,75,75
Hugo Duro,ST,25,77,79
N. Madsen,CDM,25,72,75
L. Pellegrini,LB,26,74,75
T. Leysen,GK,23,71,78
Josep Martínez,GK,27,75,77
Dani Gómez,ST,26,70,71
César Gelabert,CAM,24,74,78
De Frutos,RW,28,81,81
L. Openda,ST,25,82,84
A. Laurienté,LW,26,80,80
N. Morahan,RB,25,59,62
Juan Cruz,RW,25,70,71
K. Lewis-Potter,LB,24,76,79
D. Sanderson,CB,25,69,70
M. Camara,CM,27,77,78
E. Galbraith,RB,24,72,77
B. Nygren,CM,23,74,80
25 N. Radonjić,CAM,28,75,75
K. Scherpen,GK,25,76,80
Chiquinho,CM,29,78,78
D. Spence,LB,24,79,83
Rodrygo,LW,24,84,87
D. Ballard,CB,25,78,80
J. Gauci,GK,24,66,71
L. Costa,CB,24,77,83
A. Lunin,GK,26,80,83
M. Lacroix,CB,25,81,83
24 T. Bonga,ST,26,63,64
25 L. Jephcott,ST,24,59,59
N. Katić,CB,28,72,73
F. Hammar,CDM,24,72,79
J. Burkardt,ST,24,82,85
A. Rrahmani,CB,31,83,83
A. Idah,ST,24,70,74
22 J. Bednarczyk,RM,22,60,67
G. Bushchan,GK,31,74,74
M. Erlić,CB,27,73,74
A. Paločević,CM,31,71,71
S. Sohm,CM,24,74,79
Sancet,CAM,25,82,85
N. Rusyn,ST,26,66,67
Carlos Vicente,RM,26,77,77
Lee Dong Gyeong,CAM,27,75,75
A. Moreno,CDM,26,77,77
L. Ravanelli,CB,28,71,71
G. Tsitaishvili,LM,24,72,75
S. Giménez,ST,24,79,84
M. Kudus,RW,24,81,83
M. Nzola,ST,28,73,73
A. Maciel,CB,28,67,67
A. Gomes,CAM,24,76,81
L. Maloney,CDM,25,72,73
25 C. Merrie,CM,25,60,62
L. Reis,CM,25,72,75
N. De la Cruz,CM,28,76,76
R. Baku,RB,27,79,79
M. O'Riley,CAM,24,77,81
T. Campbell,ST,25,71,74
M. Roffo,GK,25,74,78
L. Sørensen,RB,25,64,67
C. Coventry,CDM,25,69,74
D. Ljubičić,CM,27,73,73
T. Mitchell,LB,25,79,81
M. Payero,CM,26,73,73
M. Cooper,GK,25,73,78
25 B. Galván,RM,23,64,70
A. Meyer,GK,34,74,74
L. Díaz,LM,28,87,87
N. Vlašić,CAM,27,80,80
25 R. Amaral,CAM,27,67,67
J. Paintsil,LM,27,75,75
L. Foster,ST,24,73,75
P. Daka,ST,26,68,68
W. Geubbels,ST,23,72,77
E. Coleman,CDM,25,62,64
J. Koundé,RB,26,86,87
T. Weah,RM,25,77,78
M. Forss,ST,26,67,70
S. Pinas,CB,27,71,71
W. Fitzgerald,LM,26,60,60
C. Barrios,LM,27,72,72
V. Johansson,GK,26,74,76
D. Livaković,GK,30,78,78
P. Rajković,GK,29,77,78
Y. Bisseck,CB,24,76,80
R. Atkinson,CB,26,72,73
M. Retegui,ST,26,82,83
R. Hoffmann,GK,26,72,76
A. Harroui,CM,27,71,71
L. Dietz,CB,28,66,67
D. Foulon,LM,26,72,72
Y. Nazaryna,CM,27,69,69
M. Ashimeru,CM,27,69,69
Igor Silva,RB,28,71,71
H. Morita,CM,30,78,78
M. Lode,CB,32,68,68
A. Layouni,RW,32,72,72
Y. Fofana,GK,24,73,78
M. McKenzie,CB,26,74,77
J. Sands,CDM,24,72,75
J. Campuzano,CDM,29,74,74
A. Irving,CM,25,72,74
Oriol Rey,CM,27,73,73
F. Ortega,LB,26,73,74
Puigmal,RM,24,71,74
M. Barrow,LW,26,79,79
G. Magnani,CB,29,73,73
L. Cacace,LB,24,72,76
B. Kamara,CDM,25,84,86
25 J. Léa Siliki,CM,28,61,61
D. Thiam,GK,27,72,74
K. Denkey,ST,24,76,79
23 C. Gilmour,CM,23,56,62
T. De Smet,LB,27,71,71
L. Verstraete,CDM,26,70,73
Paik Seung Ho,CDM,28,72,72
D. Johnsen,ST,27,71,71
A. Bodart,GK,27,73,75
S. Twine,CAM,25,72,73
D. Muñoz,RB,29,82,82
S. Bueno,CB,26,76,78
Bruno Xadas,CAM,27,74,74
I. Konaté,CB,26,84,85
R. Kolo Muani,ST,26,79,80
P. Foden,CAM,25,85,88
M. Sylla,ST,25,72,75
23 H. Abe,LW,23,63,69
M. Andersen,CM,26,70,71
21 R. Marín,ST,22,59,66
L. Ritzka,LB,27,69,69
P. Estupiñán,LB,27,79,79
K. Danso,CB,26,79,82
25 U. Antuna,RM,26,76,76
A. Guðmundsson,ST,28,78,78
N. Zaniolo,ST,25,75,76
Guridi,CAM,30,73,73
N. Røjkjær,CM,26,73,74
N. Nartey,CM,25,73,76
26 A. Bassi,CAM,27,70,70
F. Al Birekan,ST,25,74,77
K. Schindler,RM,31,70,70
Pedro Neto,RM,25,82,83
R. Dadashov,ST,26,64,65
H. Wright,ST,27,74,74
25 M. Bochnak,RM,26,63,63
L. Daschner,CDM,26,70,71
F. Valverde,CM,26,89,90
C. Antwi-Adjei,LM,31,69,69
J. Clauss,RB,32,78,78
A. Karazor,CDM,28,76,76
L. Koutris,LB,29,69,69
Abel Ruiz,ST,25,72,75
D. de Wit,CAM,27,72,72
N. Lang,LW,26,79,80
Loureiro,CB,28,72,73
K. Appin,CM,27,69,69
Areso,RB,25,76,78
K. Wagner,LB,28,76,76
26 J. Angulo,CB,27,74,77
M. Cuisance,CM,25,72,75
E. Zhegrova,RM,26,79,79
Rúben Dias,CB,28,87,87
O. Kabak,CB,25,76,78
E. Shomurodov,ST,30,75,75
N. Kühn,RW,25,77,78
T. Vancooten,CB,27,65,67
G. Koyalipou,ST,25,72,75
Calero,CB,29,75,75
